text,true_emotion,predicted_emotion
"You're so thirsty for the chance to disagree w/ the left, that you don't even realize when something is an affront to your bigoted platform.",anger,anger
Sorry guys I have absolutely no idea what time i'll be on cam tomorrow but will keep you posted. #fuming,anger,anger
@komal_sidhnani true...\nThey r burning with other's pleasure!\nPpl in true love happiness everywhere _üòÉ,anger,joy
#oow16 #sting decent new song,anger,joy
"@LaureEve I am sitting here wrapped in a fluffy blanket, with incense burning, listening to Bon Iver and drinking mulled wine. I'm there.",anger,joy
"Realest ever, relentless ever, inevitable that I win.",anger,joy
"Why to have vanity sizes?Now sizes S,XS(evenXXS sometimes) are too big, WTF?! Dear corporate jerks, Lithuania didn't need this. #rant ",anger,anger
"@DxfyingGrxvity - frustration, looking up at Elphaba in a frown of aggravation. Her high pitched voice was growing more and more --",anger,anger
"Kik to trade, have fun or a conversation  (kik: youraffair) #kik #kikme #messageme #textme #pics #trade #tradepics #dm #snap #bored",anger,joy
Just joined #pottermore and was sorted into HUFFLEPUFF üò°üò°üò° ,anger,anger
"@CozanGaming that's what lisa asked before she started raging at me, 'can I call you?' heh",anger,anger
@IllinoisLoyalty that Rutgers game was an abomination. An affront to God and man. We must never speak of it again.,anger,anger
@UKBlogAwards @ModishMale I would always be honest but it's great to feedback opinion to the brand - don't want to offend them #BlogHour,anger,fear
"@HomeSwapperteam  Spent months arranging swap , new jobs etc, now I've found out she's been leading me on a merry dance. #fuming with her",anger,anger
@RevTrevK @Wolfman93011 @Daraidernation @EROCKhd Take 2k out of it the numbers on madden are low and have dropped and people are unhappy,anger,anger
The rage has died down.,anger,anger
i live and die for mchanzo honeymoon crashing and burning the second they move in together,anger,sadness
Everybody talking about 'the first day of fall' but summer '16 is never gonna die #revenge @Drake,anger,joy
Sting is just too damn earnest for early morning listening. #sting,anger,anger
@danbloom1 beware the fury of a weak king,anger,anger
An adviser to the #European #Union‚Äôs top #court said #Hamas and the #Tamil #Tigers should be taken off the EU‚Äôs #terror list.#lka,fear,anger
"Gahh...BT, in queue for 30 minutes.. Now put through to BT Sport dept to cancel... back in a queue again... ",fear,anger
@AaliyahLove69 I would be intimidated but I would like to think I would have manned up and helped.,fear,fear
"He called me fat, so I pushed him into the lockers then he threaten to sue me' üòÇ",fear,anger
It really is amazing the money they give to some of these QB's #nfl #texans #brock ,fear,anger
@All4 is the android app it designed to be buggy and work sporadically on a fire TV box? #shocking,fear,anger
@hollywooddivas @TMZ_Sports Idiots like Larry Sanders scare us All!How can Morons these days Rush 2 Judge #Police w/o all facts yet?FU thugs,fear,anger
@CesarSampao @thisisbolton don't get me started on town centre. Used to go every week.... not been for 18 months #horrible,fear,sadness
When you're scared to press send #bgoodthepoet #PrayForMe #ThisIsAGodDream #career #help  #heart #HeartRacing,fear,fear
Staff on @ryainair FR1005. Asked for info and told to look online. You get what you pay for. #Ryanair @STN_Airport #Compensation #awful,fear,anger
That's an awful miss from Rooney.,fear,sadness
And I cried in front of my guy last night. And it's just been a horrible week but it's only for a week,fear,sadness
@lukeshawtime terrible,fear,anger
I don't want speak front to him #afraid #intimidate #nopanicattack,fear,fear
"Honestly, there are some awful people on the internet... smh...",fear,anger
@All4 is the android app it designed to be buggy and work sporadically on a fire TV box? ,fear,anger
On @Varneyco/@FoxBusiness to talk latest on #Chelsea Bombing + #Ahmad_Khan_Rahami's trips to #Afghanistan/#Pakistan #tcot ,fear,fear
Thanks for ripping me off again #Luthansa ‚Ç¨400 not enough for a one way flight to man from Frk then ‚Ç¨30 for a bag then free at gate ,fear,anger
Southend players always haunt Man U,fear,anger
I want to be a woman who #overcomes obstacles by tackling them in #faith instead of tiptoeing around them in #fear. Renee Swope,fear,fear
@GigaFag @pipertownsend_ snapchat new would beg to differ #optimism,joy,joy
"@len_snart Mick nods. 'I would like that.' He went back to his food, smiling as he finished it.",joy,joy
"If you don't respond to an email within 7 fays, you wifl be killed by an animated gif of the girl from The Ring.",joy,fear
@harrietemmett great minds think alike. #rejoice,joy,joy
@r0Ils ppl get triggered over u smiling they're irrelevant,joy,anger
"Be it a rainy day, be it cheerful sunshine, I am a Prussian, want nothing to be but a Prussian.:|",joy,joy
It feels good to get outside for a minute and get some fresh air.  It's hard to stay cooped up inside all day ,joy,joy
@kwelbyroberts they will come and you will rejoice at their arrival.,joy,joy
@GameGrumps THANK YOU SO MUCH FOR COMING TO DETROIT I'm going to sob joyful rainbows now brb,joy,joy
Val reminds me of one of the cheerful witches that looks after Aurora in Disney‚Äôs Sleeping Beauty. #GBBO,joy,joy
@yungdoujin wouldn't that basically be sparkling water,joy,joy
"@airtelindia have some issues with my broadband bill ,I am charged for the month before I signed up with airtel.. ",joy,anger
Nawaz Sharif is getting more funnier than @kapilsharmak9 day by day.  #challenge #kashmir #baloch,joy,joy
"@Casper10666 I assure you there is no laughter, but increasing anger at the costs, and arrogance of Westminster.",joy,anger
A #new day to #live and #smile. Hope all the #followers a nice #night or #day. :D,joy,joy
A hearty Jonza! to all my friends and follower.,joy,joy
"@diehimbeertonis She developed her 'forced smile'. I can force myself to describe it 'a little hearty maybe, sanki biraz':)",joy,joy
"...at your age, the heyday in the blood is tame...' @TheArtofCharm #shakespeareaninsults #hamlet #elizabethan #williamshakespeare",joy,anger
I hate it when im singing and some idiot thinks they can just join in with me like...this is not fcking glee #MeanRikonaBot,joy,anger
Nawaz Sharif is getting more funnier than @kapilsharmak9 day by day. #laughter #challenge #kashmir #baloch,joy,joy
"Stars, when you shine,\nYou know how I feel.\nScent of the pine, \nYou know how I feel.\nFreedom is mine,\nI know how I feel.\nI'm feelin' good.",sadness,joy
All I want to do is watch some netflix but I am stuck here in class. #depressing,sadness,sadness
yesterday i finished watching penny dreadful and from all the beautiful things i saw one question remains: were the writers HIM's fans?,sadness,joy
It feel like we lost a family memberüôÑüòÇ,sadness,sadness
@Barcabhoy1 Of course not. Didn't sink his studs into a knee like Forrester,sadness,anger
and for inconsolable Oxford academics - 'Brussels should just ignore the #Brexit vote and tell the UK it can't leave the EU....ever....wah',sadness,anger
im thoroughly in love w zen and jumin and i dont think id even have the patience for either of them irl im old and weary,sadness,sadness
@xOffWithMyHeadx They've officially said all the episodes left (so future 12 and despair 11 and 12) will be delayed.,sadness,sadness
I can't WAIT to go to work tomorrow with a high as fuck fever. [sarcasm]\nHopefully I'll feel better tomorrow.\nBut I doubt it. #pessimism,sadness,sadness
"Just watched Django Unchained, Other people may frown, but I titter in delight! 2/5",sadness,joy
watching this uni reveal is so depressing i miss stingrays :(,sadness,sadness
‚ÄúDyslexia is the affliction of a frozen genius.‚Äù‚Äï Stephen Richards,sadness,sadness
amateur author Twitter might be the most depressing thing I've ever seen,sadness,sadness
"[ @HedgehogDylan ] *she would frown a bit, folding her arms* 'why is it that every time I'm in need of assistance someone expects a lil **",sadness,anger
"A pessimist is someone who, when opportunity knocks, complains about the noise #mikeshumor",sadness,joy
Season 3 and Charlie is still a prick! #lost,sadness,anger
Buddha doesn't possess enough power to deliver you from your affliction!,sadness,anger
"MC: what are you listen to these days?\nBogum: these days I feel gloomy, I listen to ccm (spiritual song) often.\n\nChurch oppa mode. :)",sadness,sadness
@1johndes ball watching &amp; Rojo'd header was equally dreadful!!,sadness,anger
Wow just watched Me Before You and it was seriously one of the most depressing movies of my life,sadness,sadness
